{
    "max_threads": 4,
    "memory_limit": 0.8,
    "cpu_limit": 0.7,
    "io_priority": "normal",
    "cache_size": 1000,
    "optimization_level": "balanced",
    "profiles": {
        "performance": {
            "max_threads": 8,
            "memory_limit": 0.9,
            "cpu_limit": 0.9,
            "io_priority": "high",
            "optimization_level": "aggressive"
        },
        "balanced": {
            "max_threads": 4,
            "memory_limit": 0.8,
            "cpu_limit": 0.7,
            "io_priority": "normal",
            "optimization_level": "balanced"
        },
        "power_save": {
            "max_threads": 2,
            "memory_limit": 0.6,
            "cpu_limit": 0.5,
            "io_priority": "low",
            "optimization_level": "conservative"
        }
    },
    "monitoring": {
        "cpu_warning": 90,
        "memory_warning": 90,
        "disk_io_warning": 1000000000,
        "check_interval": 60
    },
    "logging": {
        "level": "INFO",
        "file": "optimization.log",
        "max_size": 10485760,
        "backup_count": 5
    }
} 