{
    "version": "0.5.0",
    "build": "2024.2",
    "release_date": "2024-03-15",
    "changelog": [
        "Initial beta release (0.5)",
        "Basic mod management functionality",
        "Game detection and configuration",
        "Mod installation and removal",
        "Load order management",
        "Profile system",
        "Dark theme UI",
        "Basic error handling",
        "Mod conflict detection"
    ],
    "authors": [
        "Linux Vortex Team"
    ],
    "license": "GNU General Public License v3.0",
    "dependencies": {
        "python": ">=3.8",
        "tkinter": ">=8.6",
        "psutil": ">=5.9.0",
        "requests": ">=2.28.0",
        "pillow": ">=9.0.0",
        "customtkinter": ">=5.2.0"
    }
} 